{
  "images" : [
    {
      "filename" : "icon_48.png",
      "idiom" : "watch",
      "platform" : "watchos",
      "scale" : "2x",
      "size" : "24x24",
      "subtype" : "38mm"
    },
    {
      "filename" : "icon_55.png",
      "idiom" : "watch",
      "platform" : "watchos",
      "scale" : "2x",
      "size" : "27.5x27.5",
      "subtype" : "42mm"
    },
    {
      "filename" : "icon_58.png",
      "idiom" : "watch",
      "platform" : "watchos",
      "scale" : "2x",
      "size" : "29x29"
    },
    {
      "filename" : "icon_87.png",
      "idiom" : "watch",
      "platform" : "watchos",
      "scale" : "3x",
      "size" : "29x29"
    },
    {
      "filename" : "icon_80.png",
      "idiom" : "watch",
      "platform" : "watchos",
      "scale" : "2x",
      "size" : "40x40",
      "subtype" : "38mm"
    },
    {
      "filename" : "icon_88.png",
      "idiom" : "watch",
      "platform" : "watchos",
      "scale" : "2x",
      "size" : "44x44",
      "subtype" : "42mm"
    },
    {
      "filename" : "icon_100.png",
      "idiom" : "watch",
      "platform" : "watchos",
      "scale" : "2x",
      "size" : "50x50",
      "subtype" : "44mm"
    },
    {
      "filename" : "icon_172.png",
      "idiom" : "watch",
      "platform" : "watchos",
      "scale" : "2x",
      "size" : "86x86",
      "subtype" : "38mm"
    },
    {
      "filename" : "icon_196.png",
      "idiom" : "watch",
      "platform" : "watchos",
      "scale" : "2x",
      "size" : "98x98",
      "subtype" : "42mm"
    },
    {
      "filename" : "icon_216.png",
      "idiom" : "watch",
      "platform" : "watchos",
      "scale" : "2x",
      "size" : "108x108",
      "subtype" : "44mm"
    },
    {
      "filename" : "icon_1024.png",
      "idiom" : "watch-marketing",
      "platform" : "watchos",
      "scale" : "1x",
      "size" : "1024x1024"
    }
  ],
  "info" : {
    "author" : "xcode",
    "version" : 1
  }
}
